datetime_utc,datetime_athens,hour_utc,forecast_solar_MW,forecast_wind_MW,forecast_total_MW,irradiance_Wm2,cloudcover_pct,temperature_C
2026-10-05 00:00:00+00:00,2026-10-05 03:00:00+03:00,0,0.0,1037.5,1037.5,0.0,0,14.9
2026-10-05 01:00:00+00:00,2026-10-05 04:00:00+03:00,1,0.0,967.6,967.6,0.0,0,14.7
2026-10-05 02:00:00+00:00,2026-10-05 05:00:00+03:00,2,0.0,963.2,963.2,0.0,0,14.6
2026-10-05 03:00:00+00:00,2026-10-05 06:00:00+03:00,3,0.0,925.3,925.3,0.0,0,14.5
2026-10-05 04:00:00+00:00,2026-10-05 07:00:00+03:00,4,0.0,1010.3,1010.3,0.0,0,14.2
2026-10-05 05:00:00+00:00,2026-10-05 08:00:00+03:00,5,0.4,1106.4,1106.8,18.0,0,14.3
2026-10-05 06:00:00+00:00,2026-10-05 09:00:00+03:00,6,65.4,1020.2,1085.6,161.0,0,15.9
2026-10-05 07:00:00+00:00,2026-10-05 10:00:00+03:00,7,67.3,761.6,828.9,360.0,0,18.7
2026-10-05 08:00:00+00:00,2026-10-05 11:00:00+03:00,8,67.5,1030.6,1098.1,538.0,0,21.3
2026-10-05 09:00:00+00:00,2026-10-05 12:00:00+03:00,9,67.5,1498.1,1565.6,676.0,0,23.0
2026-10-05 10:00:00+00:00,2026-10-05 13:00:00+03:00,10,66.5,1746.1,1812.6,754.0,0,23.9
2026-10-05 11:00:00+00:00,2026-10-05 14:00:00+03:00,11,66.5,1673.9,1740.4,765.0,0,24.2
2026-10-05 12:00:00+00:00,2026-10-05 15:00:00+03:00,12,66.5,1627.6,1694.2,713.0,0,24.4
2026-10-05 13:00:00+00:00,2026-10-05 16:00:00+03:00,13,66.5,1563.7,1630.3,599.0,0,24.2
2026-10-05 14:00:00+00:00,2026-10-05 17:00:00+03:00,14,66.6,1495.3,1561.8,437.0,0,23.7
2026-10-05 15:00:00+00:00,2026-10-05 18:00:00+03:00,15,66.6,1522.2,1588.8,244.0,0,22.8
2026-10-05 16:00:00+00:00,2026-10-05 19:00:00+03:00,16,7.9,1401.5,1409.4,62.0,0,21.6
2026-10-05 17:00:00+00:00,2026-10-05 20:00:00+03:00,17,0.0,1164.4,1164.4,0.0,0,19.8
2026-10-05 18:00:00+00:00,2026-10-05 21:00:00+03:00,18,0.0,956.9,956.9,0.0,0,18.1
2026-10-05 19:00:00+00:00,2026-10-05 22:00:00+03:00,19,0.0,883.6,883.6,0.0,0,16.7
2026-10-05 20:00:00+00:00,2026-10-05 23:00:00+03:00,20,0.0,908.9,908.9,0.0,0,15.7
2026-10-05 21:00:00+00:00,2026-10-06 00:00:00+03:00,21,0.0,950.6,950.6,0.0,0,15.2
2026-10-05 22:00:00+00:00,2026-10-06 01:00:00+03:00,22,0.0,1071.6,1071.6,0.0,0,14.9
2026-10-05 23:00:00+00:00,2026-10-06 02:00:00+03:00,23,0.0,1056.3,1056.3,0.0,0,14.6
